{"name":"usda_grocery-stores","title":"Grocery Stores","description":"Locations of grocery stores\n\nNational database of grocery store locations (address level) \r\n-----\r\n\r\n**The Food Access Research Atlas:**\r\n\r\nPresents a spatial overview of food access indicators for low-income and other census tracts using different measures of supermarket accessibility;\r\nProvides food access data for populations within census tracts; and\r\nOffers census-tract-level data on food access that can be downloaded for community planning or research purposes.  \r\n\r\n**What can you do with the Atlas?**\r\n\r\nCreate maps showing food access indicators by census tract using different measures and indicators of supermarket accessibility;\r\nView indicators of food access for selected subpopulations; and\r\nDownload census-tract-level data on food access measures.\r\n\r\n**[Layers and Tables](http://gis.ers.usda.gov/arcgis/rest/services/fa_access/MapServer/layers)**\r\n\r\n**[Legend](http://gis.ers.usda.gov/arcgis/rest/services/fa_access/MapServer/legend)**\r\n\r\n[DATASET](http://www.ers.usda.gov/data-products/food-access-research-atlas/.aspx)","homepage":"https://data.world/usda/grocery-stores","resources":[{"name":"food_access_research_atlas_data","schema":{"fields":[{"name":"censustract","title":"CensusTract","type":"integer","rdfType":"http://www.w3.org/2001/XMLSchema#integer","dwSourceId":"censustract"},{"name":"state","title":"State","type":"string","rdfType":"http://www.w3.org/2001/XMLSchema#string","dwSourceId":"state"},{"name":"county","title":"County","type":"string","rdfType":"http://www.w3.org/2001/XMLSchema#string","dwSourceId":"county"},{"name":"lilatracts_1and10","title":"LILATracts_1And10","type":"boolean","rdfType":"http://www.w3.org/2001/XMLSchema#boolean","dwSourceId":"lilatracts_1and10"},{"name":"lilatracts_halfand10","title":"LILATracts_halfAnd10","type":"boolean","rdfType":"http://www.w3.org/2001/XMLSchema#boolean","dwSourceId":"lilatracts_halfand10"},{"name":"lilatracts_1and20","title":"LILATracts_1And20","type":"boolean","rdfType":"http://www.w3.org/2001/XMLSchema#boolean","dwSourceId":"lilatracts_1and20"},{"name":"lilatracts_vehicle","title":"LILATracts_Vehicle","type":"boolean","rdfType":"http://www.w3.org/2001/XMLSchema#boolean","dwSourceId":"lilatracts_vehicle"},{"name":"urban","title":"Urban","type":"boolean","rdfType":"http://www.w3.org/2001/XMLSchema#boolean","dwSourceId":"urban"},{"name":"rural","title":"Rural","type":"boolean","rdfType":"http://www.w3.org/2001/XMLSchema#boolean","dwSourceId":"rural"},{"name":"la1and10","title":"LA1and10","type":"boolean","rdfType":"http://www.w3.org/2001/XMLSchema#boolean","dwSourceId":"la1and10"},{"name":"lahalfand10","title":"LAhalfand10","type":"boolean","rdfType":"http://www.w3.org/2001/XMLSchema#boolean","dwSourceId":"lahalfand10"},{"name":"la1and20","title":"LA1and20","type":"boolean","rdfType":"http://www.w3.org/2001/XMLSchema#boolean","dwSourceId":"la1and20"},{"name":"latracts_half","title":"LATracts_half","type":"boolean","rdfType":"http://www.w3.org/2001/XMLSchema#boolean","dwSourceId":"latracts_half"},{"name":"latracts1","title":"LATracts1","type":"boolean","rdfType":"http://www.w3.org/2001/XMLSchema#boolean","dwSourceId":"latracts1"},{"name":"latracts10","title":"LATracts10","type":"boolean","rdfType":"http://www.w3.org/2001/XMLSchema#boolean","dwSourceId":"latracts10"},{"name":"latracts20","title":"LATracts20","type":"boolean","rdfType":"http://www.w3.org/2001/XMLSchema#boolean","dwSourceId":"latracts20"},{"name":"hunvflag","title":"HUNVFlag","type":"boolean","rdfType":"http://www.w3.org/2001/XMLSchema#boolean","dwSourceId":"hunvflag"},{"name":"groupquartersflag","title":"GroupQuartersFlag","type":"boolean","rdfType":"http://www.w3.org/2001/XMLSchema#boolean","dwSourceId":"groupquartersflag"},{"name":"ohu2010","title":"OHU2010","type":"integer","rdfType":"http://www.w3.org/2001/XMLSchema#integer","dwSourceId":"ohu2010"},{"name":"numgqtrs","title":"NUMGQTRS","type":"integer","rdfType":"http://www.w3.org/2001/XMLSchema#integer","dwSourceId":"numgqtrs"},{"name":"pctgqtrs","title":"PCTGQTRS","type":"number","rdfType":"http://www.w3.org/2001/XMLSchema#decimal","dwSourceId":"pctgqtrs"},{"name":"lowincometracts","title":"LowIncomeTracts","type":"boolean","rdfType":"http://www.w3.org/2001/XMLSchema#boolean","dwSourceId":"lowincometracts"},{"name":"pop2010","title":"POP2010","type":"integer","rdfType":"http://www.w3.org/2001/XMLSchema#integer","dwSourceId":"pop2010"},{"name":"uatyp10","title":"UATYP10","type":"string","rdfType":"http://www.w3.org/2001/XMLSchema#string","dwSourceId":"uatyp10"},{"name":"lapophalf","title":"lapophalf","type":"number","rdfType":"http://www.w3.org/2001/XMLSchema#decimal","dwSourceId":"lapophalf"},{"name":"lapophalfshare","title":"lapophalfshare","type":"number","rdfType":"http://www.w3.org/2001/XMLSchema#decimal","dwSourceId":"lapophalfshare"},{"name":"lalowihalf","title":"lalowihalf","type":"number","rdfType":"http://www.w3.org/2001/XMLSchema#decimal","dwSourceId":"lalowihalf"},{"name":"lalowihalfshare","title":"lalowihalfshare","type":"number","rdfType":"http://www.w3.org/2001/XMLSchema#decimal","dwSourceId":"lalowihalfshare"},{"name":"lakidshalf","title":"lakidshalf","type":"number","rdfType":"http://www.w3.org/2001/XMLSchema#decimal","dwSourceId":"lakidshalf"},{"name":"lakidshalfshare","title":"lakidshalfshare","type":"number","rdfType":"http://www.w3.org/2001/XMLSchema#decimal","dwSourceId":"lakidshalfshare"},{"name":"laseniorshalf","title":"laseniorshalf","type":"number","rdfType":"http://www.w3.org/2001/XMLSchema#decimal","dwSourceId":"laseniorshalf"},{"name":"laseniorshalfshare","title":"laseniorshalfshare","type":"number","rdfType":"http://www.w3.org/2001/XMLSchema#decimal","dwSourceId":"laseniorshalfshare"},{"name":"lahunvhalf","title":"lahunvhalf","type":"number","rdfType":"http://www.w3.org/2001/XMLSchema#decimal","dwSourceId":"lahunvhalf"},{"name":"lahunvhalfshare","title":"lahunvhalfshare","type":"number","rdfType":"http://www.w3.org/2001/XMLSchema#decimal","dwSourceId":"lahunvhalfshare"},{"name":"lapop1","title":"lapop1","type":"number","rdfType":"http://www.w3.org/2001/XMLSchema#decimal","dwSourceId":"lapop1"},{"name":"lapop1share","title":"lapop1share","type":"number","rdfType":"http://www.w3.org/2001/XMLSchema#decimal","dwSourceId":"lapop1share"},{"name":"lalowi1","title":"lalowi1","type":"number","rdfType":"http://www.w3.org/2001/XMLSchema#decimal","dwSourceId":"lalowi1"},{"name":"lalowi1share","title":"lalowi1share","type":"number","rdfType":"http://www.w3.org/2001/XMLSchema#decimal","dwSourceId":"lalowi1share"},{"name":"lakids1","title":"lakids1","type":"number","rdfType":"http://www.w3.org/2001/XMLSchema#decimal","dwSourceId":"lakids1"},{"name":"lakids1share","title":"lakids1share","type":"number","rdfType":"http://www.w3.org/2001/XMLSchema#decimal","dwSourceId":"lakids1share"},{"name":"laseniors1","title":"laseniors1","type":"number","rdfType":"http://www.w3.org/2001/XMLSchema#decimal","dwSourceId":"laseniors1"},{"name":"laseniors1share","title":"laseniors1share","type":"number","rdfType":"http://www.w3.org/2001/XMLSchema#decimal","dwSourceId":"laseniors1share"},{"name":"lahunv1","title":"lahunv1","type":"number","rdfType":"http://www.w3.org/2001/XMLSchema#decimal","dwSourceId":"lahunv1"},{"name":"lahunv1share","title":"lahunv1share","type":"number","rdfType":"http://www.w3.org/2001/XMLSchema#decimal","dwSourceId":"lahunv1share"},{"name":"lapop10","title":"lapop10","type":"number","rdfType":"http://www.w3.org/2001/XMLSchema#decimal","dwSourceId":"lapop10"},{"name":"lapop10share","title":"lapop10share","type":"number","rdfType":"http://www.w3.org/2001/XMLSchema#decimal","dwSourceId":"lapop10share"},{"name":"lalowi10","title":"lalowi10","type":"number","rdfType":"http://www.w3.org/2001/XMLSchema#decimal","dwSourceId":"lalowi10"},{"name":"lalowi10share","title":"lalowi10share","type":"number","rdfType":"http://www.w3.org/2001/XMLSchema#decimal","dwSourceId":"lalowi10share"},{"name":"lakids10","title":"lakids10","type":"number","rdfType":"http://www.w3.org/2001/XMLSchema#decimal","dwSourceId":"lakids10"},{"name":"lakids10share","title":"lakids10share","type":"number","rdfType":"http://www.w3.org/2001/XMLSchema#decimal","dwSourceId":"lakids10share"},{"name":"laseniors10","title":"laseniors10","type":"number","rdfType":"http://www.w3.org/2001/XMLSchema#decimal","dwSourceId":"laseniors10"},{"name":"laseniors10share","title":"laseniors10share","type":"number","rdfType":"http://www.w3.org/2001/XMLSchema#decimal","dwSourceId":"laseniors10share"},{"name":"lahunv10","title":"lahunv10","type":"number","rdfType":"http://www.w3.org/2001/XMLSchema#decimal","dwSourceId":"lahunv10"},{"name":"lahunv10share","title":"lahunv10share","type":"number","rdfType":"http://www.w3.org/2001/XMLSchema#decimal","dwSourceId":"lahunv10share"},{"name":"lapop20","title":"lapop20","type":"number","rdfType":"http://www.w3.org/2001/XMLSchema#decimal","dwSourceId":"lapop20"},{"name":"lapop20share","title":"lapop20share","type":"number","rdfType":"http://www.w3.org/2001/XMLSchema#decimal","dwSourceId":"lapop20share"},{"name":"lalowi20","title":"lalowi20","type":"number","rdfType":"http://www.w3.org/2001/XMLSchema#decimal","dwSourceId":"lalowi20"},{"name":"lalowi20share","title":"lalowi20share","type":"number","rdfType":"http://www.w3.org/2001/XMLSchema#decimal","dwSourceId":"lalowi20share"},{"name":"lakids20","title":"lakids20","type":"number","rdfType":"http://www.w3.org/2001/XMLSchema#decimal","dwSourceId":"lakids20"},{"name":"lakids20share","title":"lakids20share","type":"number","rdfType":"http://www.w3.org/2001/XMLSchema#decimal","dwSourceId":"lakids20share"},{"name":"laseniors20","title":"laseniors20","type":"number","rdfType":"http://www.w3.org/2001/XMLSchema#decimal","dwSourceId":"laseniors20"},{"name":"laseniors20share","title":"laseniors20share","type":"number","rdfType":"http://www.w3.org/2001/XMLSchema#decimal","dwSourceId":"laseniors20share"},{"name":"lahunv20","title":"lahunv20","type":"number","rdfType":"http://www.w3.org/2001/XMLSchema#decimal","dwSourceId":"lahunv20"},{"name":"lahunv20share","title":"lahunv20share","type":"number","rdfType":"http://www.w3.org/2001/XMLSchema#decimal","dwSourceId":"lahunv20share"}]},"path":"data/food_access_research_atlas_data.csv","format":"csv"},{"name":"read_me","schema":{"fields":[{"name":"notes_about_the_food_access_research_atlas_download_data","title":"Notes about the Food Access Research Atlas download data:","type":"string","rdfType":"http://www.w3.org/2001/XMLSchema#string","dwSourceId":"notes_about_the_food_access_research_atlas_download_data"}]},"path":"data/read_me.csv","format":"csv"},{"name":"variable_lookup","schema":{"fields":[{"name":"field","title":"Field","type":"string","rdfType":"http://www.w3.org/2001/XMLSchema#string","dwSourceId":"field"},{"name":"longname","title":"LongName","type":"string","rdfType":"http://www.w3.org/2001/XMLSchema#string","dwSourceId":"longname"}]},"path":"data/variable_lookup.csv","format":"csv"},{"name":"original/Food Access Research Atlas.xlsx","path":"original/Food Access Research Atlas.xlsx","format":"xlsx","mediatype":"application/vnd.openxmlformats-officedocument.spreadsheetml.sheet","bytes":34978147}],"keywords":["grocery","population","low income","children","opportunity","opportunity agriculture","seniors","household","vehicle access"]}